{
  "nodes": {
    "blur#2": {
      "rfNode": {
        "position": {
          "x": 203.2388641633642,
          "y": 435.78532512280225
        }
      }
    },
    "greyscale#1": {
      "rfNode": {
        "position": {
          "x": 193.00135856694016,
          "y": 813.3992164129492
        }
      }
    }
  }
}