{
  "nodes": {
    "greyscale#1": {
      "rfNode": {
        "position": {
          "x": 804.2395195609171,
          "y": 503.0618028808392
        }
      }
    },
    "contrast#1": {
      "rfNode": {
        "position": {
          "x": 134.47935080131955,
          "y": 629.7494712477117
        }
      }
    }
  }
}